date,cpi_inflation,wpi_inflation,fuel_price_petrol,fuel_price_diesel,gold_price,usd_inr_rate
2022-01-01,5.29,4.3,102.23,89.3,55074.23,82.59
2022-01-02,5.64,4.03,101.96,92.42,54755.41,82.05
2022-01-03,5.57,4.62,98.06,89.23,55466.03,82.01
2022-01-04,5.14,4.41,101.89,88.3,56016.24,81.78
2022-01-05,5.24,4.7,98.78,89.25,55457.38,81.93
2022-01-06,5.55,3.64,99.73,88.62,55328.43,82.44
2022-01-07,5.64,3.53,99.6,92.54,55117.32,81.69
2022-01-08,5.76,3.24,98.05,90.7,54732.62,81.99
2022-01-09,5.17,4.36,102.67,88.36,55452.97,82.66
2022-01-10,5.41,3.99,102.47,89.77,55779.63,82.83
2022-01-11,5.9,3.49,101.08,89.3,56143.47,81.77
2022-01-12,5.29,4.52,102.83,90.45,54774.61,82.83
2022-01-13,5.82,3.79,102.38,90.16,55879.83,81.7
2022-01-14,5.98,3.41,101.22,91.57,55663.73,81.81
2022-01-15,5.14,3.85,99.82,90.51,55242.55,81.88
2022-01-16,6.0,4.66,101.83,90.35,55464.34,81.79
2022-01-17,5.72,3.77,102.48,89.89,55476.91,82.85
2022-01-18,5.5,3.67,99.07,90.63,56126.84,82.54
2022-01-19,5.94,3.79,99.92,90.44,54772.62,82.3
2022-01-20,5.17,3.92,99.42,91.67,54937.18,81.74
2022-01-21,5.96,3.6,98.73,92.27,54894.44,82.44
2022-01-22,5.12,4.44,101.32,88.84,54840.02,82.46
2022-01-23,5.37,3.62,101.0,88.58,54976.66,82.52
2022-01-24,5.92,3.35,101.6,89.85,56048.63,82.2
2022-01-25,5.86,3.99,101.05,91.56,55811.52,82.56
2022-01-26,5.99,4.32,102.93,89.26,55128.44,81.99
2022-01-27,5.72,4.34,103.13,89.57,55786.56,82.46
2022-01-28,5.52,4.0,101.37,90.31,55900.19,82.63
2022-01-29,5.84,4.87,98.64,90.13,55427.81,82.13
2022-01-30,5.73,3.5,102.25,89.73,55191.93,82.67
2022-01-31,5.39,4.66,102.83,91.35,55654.0,82.04
2022-02-01,5.34,4.57,98.63,90.59,56111.06,81.83
2022-02-02,6.16,4.06,101.34,89.4,54831.49,81.68
2022-02-03,5.85,4.47,101.47,90.69,56021.07,82.1
2022-02-04,5.61,3.79,101.06,92.59,56013.14,82.01
2022-02-05,5.54,4.78,98.9,89.49,55117.9,81.95
2022-02-06,6.09,4.93,100.01,92.18,56108.25,81.93
2022-02-07,5.8,3.46,101.7,92.6,56026.41,82.03
2022-02-08,5.27,4.26,98.39,92.65,55332.05,82.15
2022-02-09,6.09,4.82,101.74,91.71,54845.99,81.92
2022-02-10,5.92,5.0,101.71,89.26,56248.18,82.47
2022-02-11,5.42,4.71,101.86,90.5,56026.22,82.3
2022-02-12,5.3,4.4,99.21,91.2,56015.72,81.79
2022-02-13,5.75,4.1,99.28,90.97,55859.6,82.71
2022-02-14,6.17,4.81,99.11,92.73,55841.51,81.87
2022-02-15,5.55,4.12,100.66,89.46,55023.41,82.82
2022-02-16,6.19,3.49,99.35,89.02,55853.47,82.66
2022-02-17,6.0,4.24,102.9,92.8,54969.27,82.03
2022-02-18,5.31,3.89,100.64,89.15,55962.62,82.18
2022-02-19,6.13,3.7,101.98,89.16,56279.11,82.34
2022-02-20,5.52,4.98,98.51,91.92,55635.77,82.78
2022-02-21,5.87,4.69,100.71,88.96,55063.35,81.73
2022-02-22,6.19,5.05,98.32,90.5,55385.03,81.8
2022-02-23,6.21,4.85,101.01,89.83,55098.81,82.77
2022-02-24,5.86,3.82,100.07,92.46,55785.36,82.46
2022-02-25,6.08,3.78,99.93,88.69,55247.37,82.17
2022-02-26,5.5,4.09,103.12,91.81,54835.43,81.83
2022-02-27,6.06,4.44,100.12,92.49,55090.02,81.94
2022-02-28,5.6,4.46,100.14,90.36,55875.86,82.41
2022-03-01,5.53,3.8,99.17,92.74,55513.95,82.52
2022-03-02,6.26,4.91,100.7,91.72,56060.18,82.84
2022-03-03,5.72,3.64,98.92,89.59,55797.68,82.62
2022-03-04,5.43,3.62,103.09,90.46,56332.9,82.18
2022-03-05,5.35,3.99,102.58,88.55,55933.45,82.88
2022-03-06,5.67,3.85,102.65,89.74,55689.15,81.96
2022-03-07,6.2,4.48,99.38,92.48,55505.74,82.81
2022-03-08,5.45,4.08,100.12,91.72,55555.57,81.76
2022-03-09,5.52,4.41,98.87,89.41,55852.42,82.46
2022-03-10,5.7,4.44,102.97,90.69,55421.55,82.15
2022-03-11,6.35,4.76,103.02,90.58,56301.93,82.69
2022-03-12,6.04,3.74,102.56,90.59,56479.38,82.17
2022-03-13,5.77,3.91,98.42,91.63,54934.03,82.05
2022-03-14,5.8,3.65,102.6,90.06,55176.79,82.81
2022-03-15,5.94,4.06,101.95,90.88,55469.78,81.99
2022-03-16,5.42,4.38,100.03,90.6,55523.96,82.88
2022-03-17,6.4,4.13,99.58,90.15,55274.83,82.51
2022-03-18,5.94,5.06,101.56,90.2,56042.12,81.79
2022-03-19,5.85,4.11,102.08,92.0,55099.84,82.03
2022-03-20,5.75,5.16,103.23,92.02,55238.57,82.36
2022-03-21,5.58,3.77,100.52,93.02,55972.09,81.81
2022-03-22,5.97,4.56,102.92,89.92,55469.82,82.49
2022-03-23,5.87,4.75,102.05,90.12,54999.64,82.1
2022-03-24,5.57,5.12,102.9,90.0,55326.41,82.84
2022-03-25,6.38,3.85,98.53,89.48,56560.75,82.45
2022-03-26,5.76,4.11,99.33,91.35,56155.13,81.85
2022-03-27,5.57,4.65,101.95,90.71,56547.95,81.88
2022-03-28,5.9,4.92,101.17,90.56,55969.46,82.69
2022-03-29,6.29,4.15,102.2,89.89,56349.29,82.92
2022-03-30,5.72,4.47,100.42,90.9,55677.02,82.74
2022-03-31,6.29,3.98,99.65,91.72,56505.17,82.42
2022-04-01,6.16,5.19,99.26,89.34,56307.99,82.71
2022-04-02,5.6,4.6,99.68,92.04,56273.32,82.54
2022-04-03,6.5,4.74,99.01,90.86,56511.77,82.47
2022-04-04,6.15,4.96,102.25,89.09,55583.48,82.09
2022-04-05,5.84,3.94,100.8,89.96,55038.47,82.92
2022-04-06,6.13,4.02,102.41,88.7,55376.5,82.28
2022-04-07,6.18,4.95,99.44,90.26,55752.72,81.93
2022-04-08,5.55,4.86,99.89,90.37,55178.48,82.42
2022-04-09,6.51,4.44,101.14,93.17,55759.87,82.03
2022-04-10,5.56,4.45,101.38,91.01,55148.61,82.53
2022-04-11,6.29,4.05,99.47,92.39,55254.36,82.06
2022-04-12,5.6,4.43,100.64,92.41,56171.49,82.48
2022-04-13,5.83,5.15,102.58,91.6,55757.16,82.21
2022-04-14,6.19,4.97,103.21,92.92,56525.46,81.95
2022-04-15,5.96,5.15,99.44,91.23,55838.18,83.02
2022-04-16,6.19,5.04,100.06,93.02,56495.13,82.69
2022-04-17,6.14,5.21,99.94,89.21,56367.99,82.46
2022-04-18,6.0,5.16,99.52,88.82,55983.4,82.53
2022-04-19,5.79,4.16,103.15,89.67,55464.22,82.59
2022-04-20,6.57,5.2,99.1,93.23,56675.59,82.94
2022-04-21,6.53,5.4,100.34,92.51,55361.9,83.02
2022-04-22,6.35,4.08,103.43,92.89,56393.32,82.67
2022-04-23,6.52,5.19,103.6,91.5,56747.72,82.49
2022-04-24,6.48,5.37,101.79,90.35,55823.99,82.7
2022-04-25,6.13,4.36,99.73,92.69,55686.37,81.88
2022-04-26,5.98,5.14,101.92,89.18,56197.6,82.07
2022-04-27,6.43,3.88,101.11,92.36,55220.19,82.69
2022-04-28,6.04,4.95,103.34,89.63,55877.49,82.33
2022-04-29,5.86,5.34,98.74,89.37,56359.04,82.14
2022-04-30,6.63,5.44,101.02,89.7,56695.93,81.89
2022-05-01,5.7,5.22,100.18,90.44,56151.93,82.4
2022-05-02,6.59,4.26,100.44,89.8,55483.59,82.52
2022-05-03,6.32,4.55,99.35,89.43,56685.77,82.31
2022-05-04,6.16,4.89,102.54,93.22,55571.29,82.05
2022-05-05,5.98,4.15,99.2,93.2,56397.22,82.07
2022-05-06,6.35,3.91,99.9,88.86,56068.74,82.09
2022-05-07,6.65,5.14,100.83,90.77,55912.58,82.95
2022-05-08,5.93,4.63,103.51,89.33,55290.29,82.72
2022-05-09,6.4,3.96,100.74,91.71,55968.34,82.1
2022-05-10,6.16,4.32,99.03,89.94,55243.02,81.91
2022-05-11,6.44,4.18,99.45,92.51,55453.35,82.03
2022-05-12,6.57,5.46,102.3,92.21,56780.04,82.34
2022-05-13,6.04,4.39,103.29,92.71,55885.51,82.19
2022-05-14,6.6,3.95,100.78,89.71,55546.58,82.53
2022-05-15,6.6,4.75,99.41,93.05,56106.21,82.26
2022-05-16,5.83,5.05,103.03,92.73,55561.62,82.39
2022-05-17,5.87,4.1,100.65,91.33,55858.14,82.72
2022-05-18,6.37,5.49,100.53,92.57,55859.5,82.66
2022-05-19,5.91,4.59,102.25,89.58,55410.81,83.11
2022-05-20,5.96,4.23,103.2,90.3,55796.57,82.54
2022-05-21,6.69,4.34,101.17,91.95,56396.83,82.46
2022-05-22,6.47,4.37,103.46,90.9,55789.68,82.89
2022-05-23,6.59,5.25,103.67,92.46,55959.39,82.61
2022-05-24,6.29,4.15,101.31,90.01,55830.7,82.16
2022-05-25,6.06,5.47,102.18,91.44,55758.8,82.39
2022-05-26,6.15,4.11,101.91,90.38,55581.99,82.48
2022-05-27,6.68,5.25,100.57,91.93,56006.4,83.14
2022-05-28,6.22,5.42,101.02,90.45,55784.97,82.82
2022-05-29,6.2,5.37,101.23,91.86,55555.83,82.9
2022-05-30,6.57,4.48,101.24,92.04,56801.12,82.75
2022-05-31,5.99,5.52,103.03,93.29,56891.45,82.71
2022-06-01,6.39,4.28,101.67,91.87,55917.53,82.05
2022-06-02,6.68,4.63,101.08,90.93,56307.0,82.23
2022-06-03,6.6,4.45,102.27,92.7,56108.37,82.66
2022-06-04,6.45,5.08,101.72,92.96,56263.85,82.03
2022-06-05,5.89,5.15,102.66,92.21,55645.63,82.6
2022-06-06,6.2,5.39,101.1,89.74,56361.0,82.89
2022-06-07,5.86,4.58,99.39,91.73,56409.02,82.97
2022-06-08,6.66,5.47,99.88,90.65,55733.72,82.76
2022-06-09,6.37,5.43,100.0,91.35,56330.9,82.47
2022-06-10,6.66,4.79,100.42,89.26,56019.7,82.7
2022-06-11,6.37,5.05,100.64,89.42,56016.34,83.12
2022-06-12,6.61,5.29,99.7,89.0,56509.36,82.49
2022-06-13,6.72,4.73,103.39,89.22,57078.49,82.56
2022-06-14,6.11,4.98,99.08,91.66,56354.64,82.42
2022-06-15,6.39,4.88,99.09,90.2,56227.35,82.35
2022-06-16,6.26,5.54,102.81,90.37,57089.6,83.07
2022-06-17,6.4,5.14,99.46,89.8,57084.05,82.23
2022-06-18,6.78,4.66,101.33,93.5,55770.98,82.19
2022-06-19,6.09,5.63,99.17,90.38,56761.42,82.81
2022-06-20,6.57,5.16,102.23,89.98,56238.86,82.36
2022-06-21,6.69,4.66,101.89,90.32,56211.16,83.06
2022-06-22,6.29,4.95,100.87,89.98,55500.2,82.04
2022-06-23,6.73,5.08,101.4,90.37,55865.85,82.49
2022-06-24,6.76,5.43,101.81,89.48,56145.6,83.02
2022-06-25,6.36,5.46,101.22,89.77,56154.66,82.45
2022-06-26,6.93,5.17,100.95,92.72,55864.41,82.47
2022-06-27,6.55,4.79,103.06,89.33,55689.68,82.68
2022-06-28,6.88,5.44,99.15,91.57,56060.8,82.3
2022-06-29,6.98,5.65,102.92,91.89,57127.45,82.72
2022-06-30,6.87,4.29,101.8,89.28,56297.93,82.48
2022-07-01,6.73,5.37,100.16,91.94,56887.63,82.99
2022-07-02,6.14,5.71,103.94,89.77,56219.95,82.02
2022-07-03,6.75,4.47,102.87,92.09,56469.7,83.2
2022-07-04,6.48,4.69,99.15,90.54,56098.15,82.17
2022-07-05,6.2,4.68,99.19,90.4,56572.57,82.45
2022-07-06,6.63,4.52,100.21,91.47,55901.14,82.36
2022-07-07,6.29,4.37,103.01,91.66,56638.83,82.62
2022-07-08,6.72,4.4,103.17,92.88,57178.81,83.01
2022-07-09,6.19,4.92,99.47,90.84,56157.8,82.7
2022-07-10,6.29,5.66,103.76,90.35,56315.59,83.06
2022-07-11,6.14,4.43,102.34,89.75,56437.54,82.79
2022-07-12,6.41,5.55,101.0,90.66,55969.39,82.1
2022-07-13,6.44,4.65,103.85,89.98,56352.01,82.59
2022-07-14,6.23,5.27,100.0,93.29,56104.31,82.61
2022-07-15,6.79,5.03,99.51,89.84,57113.26,82.92
2022-07-16,6.27,5.34,103.11,92.38,55716.95,83.12
2022-07-17,6.13,5.22,99.47,92.14,56848.45,82.61
2022-07-18,6.37,4.44,100.44,93.54,57136.56,82.59
2022-07-19,6.24,5.29,102.52,90.46,56597.4,82.61
2022-07-20,6.35,4.35,99.96,90.4,57081.35,82.8
2022-07-21,6.56,5.69,101.92,92.13,56211.89,82.47
2022-07-22,6.84,5.48,103.56,90.31,56520.38,82.86
2022-07-23,6.13,4.36,99.8,90.24,56138.88,82.43
2022-07-24,6.5,5.1,103.2,90.41,55835.33,82.72
2022-07-25,6.17,4.41,100.66,90.43,56667.99,82.27
2022-07-26,6.88,5.67,99.82,91.88,57149.46,82.14
2022-07-27,6.7,4.45,101.08,93.33,57167.67,82.42
2022-07-28,6.82,5.27,101.32,92.18,56559.75,83.07
2022-07-29,6.8,4.68,101.73,93.64,56825.59,82.67
2022-07-30,6.82,4.91,100.34,91.18,57105.48,83.0
2022-07-31,7.05,5.84,103.86,93.26,56655.12,82.64
2022-08-01,6.92,4.46,99.96,92.41,57227.1,83.11
2022-08-02,6.31,4.45,102.54,93.36,56157.11,82.37
2022-08-03,6.89,5.92,103.28,89.84,56626.17,83.23
2022-08-04,6.19,5.33,100.16,90.12,56040.24,82.32
2022-08-05,6.58,5.56,103.21,90.8,57398.26,83.3
2022-08-06,6.29,5.18,103.69,93.14,56114.14,82.09
2022-08-07,6.71,4.99,99.35,92.18,56136.97,82.29
2022-08-08,6.78,5.99,100.77,92.62,55941.44,82.45
2022-08-09,6.28,4.93,99.99,93.25,56077.12,83.3
2022-08-10,7.01,5.83,102.63,92.43,56382.05,82.41
2022-08-11,6.28,5.58,102.78,92.83,56134.87,82.23
2022-08-12,6.87,5.83,104.09,89.63,57283.52,82.69
2022-08-13,6.66,4.87,99.66,91.55,56237.44,82.91
2022-08-14,6.43,4.64,102.9,90.61,57403.12,82.4
2022-08-15,6.75,5.09,100.46,90.59,56936.13,82.94
2022-08-16,7.06,4.69,102.84,90.15,56019.49,82.36
2022-08-17,6.49,5.64,99.87,90.67,56918.51,82.59
2022-08-18,6.64,5.55,100.72,91.52,56149.21,82.73
2022-08-19,7.26,5.78,101.86,89.53,56209.74,82.62
2022-08-20,6.98,5.43,100.96,93.51,57037.03,82.65
2022-08-21,7.13,5.35,100.04,93.49,56250.48,82.82
2022-08-22,6.75,5.46,103.85,91.09,57300.33,82.92
2022-08-23,6.28,4.69,103.05,92.62,56418.96,82.45
2022-08-24,6.39,5.17,100.09,90.61,57238.57,82.14
2022-08-25,6.48,5.82,101.45,89.56,57406.98,82.78
2022-08-26,7.21,5.01,100.7,91.18,56590.36,82.19
2022-08-27,6.88,4.52,102.53,90.5,56844.39,83.24
2022-08-28,6.48,4.54,101.88,92.79,57167.4,82.76
2022-08-29,7.04,5.96,103.05,91.25,56814.61,82.64
2022-08-30,7.07,5.52,103.58,91.64,56096.13,82.93
2022-08-31,6.88,5.46,100.14,91.34,56019.22,82.53
2022-09-01,6.47,5.13,101.19,93.22,57232.56,83.04
2022-09-02,7.29,5.44,100.4,93.54,56179.84,83.31
2022-09-03,6.87,5.28,102.84,91.0,57482.49,83.09
2022-09-04,6.84,5.64,103.05,93.35,56914.49,82.62
2022-09-05,6.98,6.03,104.09,89.52,56608.66,82.38
2022-09-06,6.73,4.92,100.96,90.89,56958.22,82.42
2022-09-07,6.68,6.01,103.4,93.64,56293.43,82.94
2022-09-08,6.94,4.7,102.35,93.3,56299.5,83.03
2022-09-09,6.89,4.86,102.22,90.08,56256.85,83.13
2022-09-10,6.8,5.87,99.51,91.97,56027.65,82.97
2022-09-11,6.78,6.16,99.94,91.51,56667.93,83.21
2022-09-12,7.17,6.07,102.09,93.45,56942.95,83.08
2022-09-13,6.46,5.92,100.7,91.45,56781.47,83.1
2022-09-14,6.81,5.6,101.44,92.67,57346.65,82.83
2022-09-15,7.12,4.98,102.55,93.93,57392.05,82.29
2022-09-16,6.69,4.79,100.28,90.84,57585.54,83.06
2022-09-17,6.89,6.09,102.73,92.26,56398.27,82.65
2022-09-18,7.32,5.03,102.5,92.83,57017.91,82.36
2022-09-19,7.38,5.6,101.92,90.22,57545.53,83.03
2022-09-20,6.66,4.77,101.93,90.93,56116.05,82.87
2022-09-21,7.36,6.18,102.48,90.54,57052.28,82.72
2022-09-22,7.08,5.36,103.92,90.38,56523.52,82.73
2022-09-23,6.86,5.41,101.17,92.96,56698.31,83.33
2022-09-24,7.08,5.97,100.73,92.08,56883.29,82.7
2022-09-25,6.58,4.91,101.18,93.68,56060.67,82.52
2022-09-26,6.72,6.16,103.73,91.6,56583.44,83.19
2022-09-27,6.99,4.85,103.28,90.73,57534.67,82.73
2022-09-28,6.75,5.46,101.36,90.48,57004.54,83.25
2022-09-29,7.38,4.83,103.56,91.1,56540.92,83.07
2022-09-30,6.85,4.96,100.69,90.19,57380.02,82.74
2022-10-01,6.77,5.88,100.25,91.12,56161.37,83.43
2022-10-02,6.95,6.09,102.0,90.47,57468.85,82.67
2022-10-03,7.41,5.19,103.68,91.58,57444.1,82.95
2022-10-04,7.42,5.33,103.63,90.6,57196.95,82.57
2022-10-05,6.54,4.72,101.61,93.36,56434.68,83.23
2022-10-06,6.92,4.77,102.65,92.84,57311.87,83.35
2022-10-07,6.96,5.28,100.11,91.06,57153.97,82.83
2022-10-08,6.95,4.76,103.4,93.48,56450.1,82.49
2022-10-09,6.89,5.61,104.52,90.1,56774.19,82.88
2022-10-10,7.37,5.64,102.63,93.29,57206.83,82.41
2022-10-11,6.59,5.95,101.85,91.43,57214.33,83.46
2022-10-12,7.46,4.81,103.58,92.96,57721.03,83.15
2022-10-13,6.83,4.8,102.43,93.64,56654.97,83.06
2022-10-14,7.24,6.13,102.92,91.52,56875.34,82.38
2022-10-15,7.17,5.68,102.83,92.32,57372.46,83.07
2022-10-16,7.05,5.82,101.35,90.34,56923.61,83.23
2022-10-17,6.95,5.26,101.14,91.08,56665.99,82.73
2022-10-18,7.06,4.79,100.23,93.69,57689.34,82.91
2022-10-19,7.57,5.76,101.11,90.32,56442.62,83.36
2022-10-20,7.35,5.28,104.53,90.95,56487.69,82.95
2022-10-21,7.56,5.3,103.62,91.93,56695.21,82.45
2022-10-22,7.54,5.64,104.16,90.99,57742.05,82.76
2022-10-23,7.05,6.38,103.4,90.18,57333.13,82.32
2022-10-24,7.24,5.76,99.85,92.63,57135.92,83.06
2022-10-25,7.37,6.3,103.49,92.99,57408.75,82.33
2022-10-26,7.26,6.1,101.41,91.44,56561.02,82.4
2022-10-27,7.35,6.38,102.3,91.67,56655.35,83.3
2022-10-28,7.29,6.04,101.52,93.4,56539.11,83.47
2022-10-29,7.39,5.77,100.99,93.29,57081.98,83.19
2022-10-30,7.37,6.31,101.85,93.83,57686.72,82.87
2022-10-31,6.96,5.79,101.61,91.33,57342.76,82.29
2022-11-01,7.31,5.03,104.29,91.06,57577.07,83.1
2022-11-02,7.07,6.13,102.49,90.05,56353.36,82.74
2022-11-03,7.25,5.49,103.6,92.55,57223.0,83.18
2022-11-04,7.54,4.92,100.21,92.27,56302.76,83.1
2022-11-05,6.8,5.44,103.58,91.77,57662.94,82.84
2022-11-06,7.2,5.77,102.87,91.97,57804.78,82.63
2022-11-07,7.7,6.32,101.92,92.36,57040.65,82.45
2022-11-08,7.31,5.35,101.14,92.4,56828.23,82.89
2022-11-09,6.81,5.35,101.01,92.83,57771.07,82.47
2022-11-10,6.85,6.26,102.82,91.58,57331.47,83.46
2022-11-11,7.05,5.14,100.92,90.11,56708.1,83.25
2022-11-12,7.13,5.85,99.93,90.49,56811.55,83.28
2022-11-13,7.26,5.6,100.75,92.36,56557.09,82.56
2022-11-14,7.18,6.13,101.24,90.86,57148.31,83.0
2022-11-15,6.82,6.28,103.17,93.37,56453.3,83.42
2022-11-16,7.71,5.73,101.73,92.68,57074.13,83.38
2022-11-17,6.76,6.09,101.94,91.74,56775.86,82.96
2022-11-18,6.84,5.02,104.64,93.89,57223.75,82.88
2022-11-19,7.11,5.56,100.83,92.46,56787.33,83.43
2022-11-20,7.54,5.0,100.16,91.2,57888.28,82.43
2022-11-21,7.67,5.14,102.45,92.31,57926.13,82.63
2022-11-22,7.08,5.73,101.79,92.66,57531.41,82.61
2022-11-23,7.19,5.6,102.07,91.4,57357.78,82.72
2022-11-24,6.98,6.34,100.83,90.44,58022.26,82.44
2022-11-25,7.3,5.68,100.37,92.39,57227.1,83.41
2022-11-26,7.13,5.01,104.52,89.88,57459.04,82.33
2022-11-27,7.34,5.56,101.07,92.73,57603.89,82.86
2022-11-28,7.29,5.72,102.37,90.12,58007.53,83.05
2022-11-29,7.78,6.38,103.42,94.24,57923.35,83.1
2022-11-30,7.57,5.53,102.62,89.96,57767.79,82.68
2022-12-01,7.45,5.56,103.88,89.95,57776.51,82.81
2022-12-02,6.9,6.26,102.68,90.0,57215.27,83.48
2022-12-03,6.87,6.4,102.32,91.69,56811.45,82.59
2022-12-04,7.24,6.15,103.94,92.14,56610.81,83.19
2022-12-05,7.17,5.82,103.2,93.51,56793.58,83.11
2022-12-06,7.0,5.52,104.12,93.31,57303.65,83.27
2022-12-07,7.71,6.62,104.19,93.47,57365.61,82.92
2022-12-08,7.33,5.53,100.68,89.92,57359.83,82.39
2022-12-09,7.83,6.14,104.65,92.78,57295.26,83.0
2022-12-10,7.01,5.95,104.0,89.91,56792.2,82.56
2022-12-11,7.49,6.08,104.56,93.3,56956.15,82.9
2022-12-12,7.29,6.43,101.15,91.39,57322.98,82.58
2022-12-13,7.59,6.28,100.43,91.54,56667.58,82.5
2022-12-14,7.16,6.65,100.4,93.83,57583.57,83.3
2022-12-15,7.14,5.5,102.3,93.56,57290.07,82.87
2022-12-16,7.05,6.48,101.07,91.21,57302.1,83.21
2022-12-17,7.23,5.85,103.23,93.04,57089.08,83.47
2022-12-18,7.74,5.25,101.73,91.61,57162.96,83.52
2022-12-19,7.44,5.7,104.59,91.5,56910.61,82.49
2022-12-20,7.14,5.23,102.82,91.89,58172.62,83.58
2022-12-21,7.55,5.31,104.02,90.98,57990.89,83.2
2022-12-22,7.66,6.31,103.77,93.97,57274.62,83.26
2022-12-23,7.71,6.03,101.79,94.0,57484.07,83.49
2022-12-24,7.4,5.83,102.59,92.87,57862.06,82.83
2022-12-25,7.31,5.85,100.27,91.48,58057.54,83.11
2022-12-26,6.97,5.88,103.98,92.79,57752.3,82.48
2022-12-27,7.29,6.36,103.91,91.63,57206.53,82.88
2022-12-28,7.63,6.74,101.23,91.13,58062.19,82.46
2022-12-29,7.79,6.31,100.16,93.06,57752.32,83.02
2022-12-30,7.97,5.42,104.01,93.62,56956.18,83.17
2022-12-31,7.64,5.42,100.15,90.03,58273.57,82.67
2023-01-01,7.11,6.44,100.56,91.22,57580.2,83.37
2023-01-02,7.16,6.37,103.81,90.87,57672.77,83.39
2023-01-03,7.66,5.52,101.06,94.35,57064.37,83.58
2023-01-04,7.24,6.43,102.1,90.06,57513.87,82.55
2023-01-05,7.97,5.6,103.07,91.13,57486.26,82.86
2023-01-06,7.95,6.34,104.01,94.01,57114.78,82.85
2023-01-07,7.77,5.26,103.05,92.98,58243.86,82.8
2023-01-08,7.19,5.64,102.41,91.41,58290.67,82.82
2023-01-09,7.69,5.92,104.07,92.11,57829.04,82.69
2023-01-10,7.92,6.27,101.19,92.96,57698.72,82.66
2023-01-11,7.96,5.41,104.5,92.24,57451.88,82.71
2023-01-12,7.5,6.74,101.85,91.97,56815.46,82.64
2023-01-13,8.04,6.08,100.76,93.49,57178.19,83.22
2023-01-14,8.05,5.57,101.69,92.89,56775.06,83.51
2023-01-15,7.35,5.63,101.34,90.22,58333.75,83.33
2023-01-16,7.2,6.85,103.58,92.62,57730.66,82.71
2023-01-17,7.37,6.74,104.07,93.9,56872.76,83.34
2023-01-18,7.23,6.79,103.84,94.08,57731.98,83.44
2023-01-19,8.06,6.73,101.86,92.37,57944.29,82.62
2023-01-20,7.42,6.49,100.95,92.99,57099.93,83.3
2023-01-21,8.07,6.16,100.11,92.85,57837.04,82.62
2023-01-22,7.95,6.91,104.97,94.55,57205.16,83.18
2023-01-23,7.37,6.04,101.35,94.01,57873.4,82.98
2023-01-24,7.88,5.6,101.75,91.64,58001.31,83.54
2023-01-25,8.12,6.46,103.26,92.05,58206.99,82.86
2023-01-26,7.35,6.57,103.22,92.61,57843.78,83.53
2023-01-27,7.8,5.91,100.32,92.96,57657.91,82.73
2023-01-28,7.24,6.02,100.98,91.99,57969.46,82.73
2023-01-29,7.43,5.77,102.78,90.58,57748.7,83.23
2023-01-30,7.59,5.85,104.98,93.5,58289.46,83.19
2023-01-31,7.21,6.91,101.53,93.34,57950.51,83.03
2023-02-01,7.91,6.15,102.57,90.74,56945.27,82.94
2023-02-02,7.38,5.89,103.24,94.25,57469.23,83.26
2023-02-03,7.86,6.69,100.96,90.63,57214.39,83.34
2023-02-04,8.17,6.29,102.49,92.89,56965.41,83.4
2023-02-05,8.04,5.79,102.58,92.66,58028.66,82.69
2023-02-06,7.82,5.81,101.5,91.13,58206.82,83.14
2023-02-07,7.76,6.47,101.7,91.97,58517.32,82.96
2023-02-08,8.07,6.07,101.33,94.22,57353.67,83.1
2023-02-09,7.9,5.5,103.98,93.33,57998.27,83.18
2023-02-10,7.59,5.75,101.94,92.1,57378.7,82.99
2023-02-11,7.47,6.3,102.72,93.32,57330.09,83.29
2023-02-12,7.37,5.62,103.41,91.81,57894.22,82.59
2023-02-13,7.91,5.67,102.05,93.61,58320.95,82.93
2023-02-14,7.27,6.05,104.16,93.11,57700.16,82.84
2023-02-15,7.52,6.04,103.81,94.67,57272.66,83.56
2023-02-16,7.45,5.67,104.56,93.1,57382.57,83.68
2023-02-17,7.82,5.7,103.8,91.1,56944.41,83.08
2023-02-18,7.41,6.37,104.5,91.51,58304.29,83.3
2023-02-19,7.49,6.66,102.63,94.26,57161.45,83.71
2023-02-20,8.16,5.55,103.17,91.08,57923.27,82.6
2023-02-21,8.07,6.98,100.76,91.22,57402.49,83.49
2023-02-22,7.85,5.64,105.08,92.12,57537.98,82.89
2023-02-23,7.77,5.63,100.58,91.62,57561.41,83.38
2023-02-24,7.46,6.85,101.65,94.56,58101.11,82.91
2023-02-25,7.44,6.4,104.2,93.77,57864.32,83.52
2023-02-26,8.25,6.17,102.28,91.71,57343.79,82.98
2023-02-27,7.35,6.49,103.79,91.37,57261.5,83.3
2023-02-28,8.07,6.92,102.31,94.57,58283.26,83.09
2023-03-01,7.64,7.11,101.15,92.89,57572.09,83.44
2023-03-02,7.4,5.72,104.3,91.6,58427.69,83.11
2023-03-03,8.14,6.37,103.45,94.03,58034.92,82.86
2023-03-04,7.69,5.64,102.85,90.47,58064.19,82.98
2023-03-05,7.36,5.63,101.98,92.62,58615.71,83.24
2023-03-06,8.13,7.04,103.1,93.21,57482.37,83.49
2023-03-07,7.44,7.0,103.34,93.07,57528.69,82.89
2023-03-08,8.35,6.46,101.65,94.65,57995.49,83.15
2023-03-09,7.43,5.73,104.05,93.76,58641.79,83.34
2023-03-10,7.7,6.43,103.37,92.79,58099.34,83.24
2023-03-11,8.35,6.67,103.57,91.12,57221.16,83.79
2023-03-12,7.62,6.92,101.58,90.53,58601.44,83.38
2023-03-13,7.65,7.09,100.73,93.31,57777.71,83.76
2023-03-14,7.64,6.9,104.22,91.14,58033.46,82.91
2023-03-15,7.74,6.14,101.21,92.72,57833.72,82.85
2023-03-16,8.0,6.15,100.77,90.52,57151.03,83.15
2023-03-17,7.59,6.48,101.78,93.69,58586.8,83.68
2023-03-18,7.98,6.03,103.01,90.46,57131.65,83.06
2023-03-19,7.88,5.67,102.21,91.58,58606.08,83.32
2023-03-20,7.49,6.05,104.76,93.47,58713.04,83.55
2023-03-21,7.81,6.6,102.29,93.51,58330.57,83.2
2023-03-22,8.05,6.15,101.21,90.57,58391.2,83.58
2023-03-23,7.77,6.82,102.56,91.7,57912.37,83.43
2023-03-24,7.8,6.58,102.88,90.85,57275.17,82.81
2023-03-25,7.51,5.68,104.52,90.88,57668.26,83.65
2023-03-26,8.14,5.9,100.95,90.83,58138.4,83.63
2023-03-27,8.35,5.98,100.9,92.23,58754.81,83.17
2023-03-28,8.27,5.71,103.27,93.14,58341.13,82.81
2023-03-29,7.69,6.57,101.33,93.15,57561.61,83.19
2023-03-30,7.64,5.8,104.56,93.96,58721.46,83.42
2023-03-31,8.29,6.39,105.43,94.65,57975.69,83.57
2023-04-01,7.85,5.98,104.96,93.96,58398.91,83.65
2023-04-02,7.88,5.98,102.69,93.36,58272.73,83.7
2023-04-03,7.91,7.23,102.99,91.04,58336.62,82.7
2023-04-04,8.07,6.11,104.18,92.87,58451.65,83.84
2023-04-05,8.42,6.1,102.09,93.18,58184.25,83.06
2023-04-06,7.82,6.93,101.2,92.5,57274.88,83.1
2023-04-07,8.08,6.54,102.88,92.3,57379.59,83.04
2023-04-08,7.74,6.18,101.19,94.63,58457.26,83.46
2023-04-09,8.45,6.54,104.83,94.2,57744.24,82.84
2023-04-10,8.45,5.78,103.53,91.58,58193.64,83.37
2023-04-11,7.63,6.33,103.02,93.82,57268.42,83.43
2023-04-12,8.26,6.86,104.08,91.2,58327.69,83.24
2023-04-13,8.29,6.94,100.82,91.54,57300.3,83.02
2023-04-14,8.06,6.68,101.15,94.75,58611.93,83.58
2023-04-15,7.63,6.5,105.53,90.96,57363.63,83.31
2023-04-16,8.48,6.63,102.47,92.0,58382.92,83.61
2023-04-17,8.26,6.12,104.18,92.9,57996.33,83.27
2023-04-18,8.5,6.04,101.78,94.33,58810.93,83.26
2023-04-19,7.8,7.04,102.94,91.87,58622.03,83.29
2023-04-20,7.8,7.26,101.9,91.01,58045.16,83.23
2023-04-21,8.48,6.08,101.24,93.86,58182.92,82.96
2023-04-22,8.44,7.39,101.12,91.21,58393.46,83.79
2023-04-23,8.34,6.82,102.18,92.11,58803.9,82.71
2023-04-24,8.28,6.05,103.91,93.45,58672.72,83.21
2023-04-25,7.66,7.27,102.02,93.1,58215.68,82.7
2023-04-26,8.18,6.11,102.96,92.09,57439.62,83.0
2023-04-27,7.99,6.07,101.06,94.91,57598.15,83.49
2023-04-28,7.88,7.11,100.98,92.77,57915.03,83.59
2023-04-29,7.77,6.52,101.57,94.06,58370.85,83.13
2023-04-30,7.86,5.85,103.81,94.25,58556.92,83.12
2023-05-01,8.07,7.44,101.05,94.11,58779.59,83.36
2023-05-02,7.84,6.46,105.61,94.18,58986.82,83.66
2023-05-03,8.07,7.37,104.16,90.88,57930.6,83.62
2023-05-04,8.46,6.65,104.03,92.36,57705.28,82.76
2023-05-05,8.09,7.14,104.62,94.26,57923.21,83.21
2023-05-06,8.27,7.46,104.41,91.95,58296.61,83.49
2023-05-07,8.08,6.85,105.31,94.14,58741.57,83.15
2023-05-08,8.57,7.41,103.67,91.58,58062.59,83.15
2023-05-09,8.23,6.12,101.48,92.95,57763.96,82.73
2023-05-10,8.2,7.26,104.09,91.83,57558.85,83.02
2023-05-11,8.03,6.73,105.43,92.99,57737.07,83.47
2023-05-12,8.53,7.02,101.31,92.26,58800.96,83.39
2023-05-13,8.57,5.96,105.11,90.92,58382.32,83.34
2023-05-14,8.56,6.91,104.86,91.73,57913.46,82.98
2023-05-15,8.42,6.26,105.42,94.56,58452.37,83.13
2023-05-16,8.18,7.2,104.58,92.18,58862.4,83.48
2023-05-17,8.42,6.3,103.39,94.84,59076.31,82.79
2023-05-18,8.47,6.21,103.94,92.6,57615.57,82.85
2023-05-19,8.37,7.41,100.83,94.3,58433.45,82.86
2023-05-20,8.28,6.86,103.68,92.88,58164.93,83.67
2023-05-21,8.59,7.04,101.47,91.9,58827.69,82.83
2023-05-22,8.46,7.48,104.61,91.56,58461.14,82.93
2023-05-23,8.72,6.2,105.62,93.7,57969.67,82.94
2023-05-24,8.0,6.52,103.03,93.8,59161.63,83.59
2023-05-25,8.31,6.17,102.71,91.31,58479.91,83.65
2023-05-26,7.83,6.15,101.67,92.66,58339.18,82.77
2023-05-27,7.92,6.75,104.02,91.79,58352.39,83.55
2023-05-28,8.31,7.29,102.49,94.93,59053.76,83.44
2023-05-29,8.8,7.55,105.02,93.52,58227.67,83.49
2023-05-30,7.84,6.46,104.58,91.99,57950.88,83.93
2023-05-31,8.29,6.55,103.79,93.78,57699.43,83.96
2023-06-01,7.92,6.62,104.75,92.64,58217.79,83.41
2023-06-02,8.51,6.57,101.81,91.86,57595.99,83.29
2023-06-03,8.57,7.3,103.24,91.19,58084.43,83.93
2023-06-04,8.64,7.5,101.67,91.58,58839.81,83.62
2023-06-05,8.07,6.81,104.22,90.88,58736.21,82.88
2023-06-06,8.52,7.48,100.96,94.47,58966.86,83.2
2023-06-07,8.2,7.07,101.93,92.04,58618.19,83.09
2023-06-08,8.53,6.23,104.44,92.92,57662.48,83.15
2023-06-09,8.32,6.43,104.39,92.7,58950.78,83.04
2023-06-10,8.36,7.33,104.58,94.29,59109.1,83.87
2023-06-11,8.79,6.59,101.29,92.66,58408.47,83.08
2023-06-12,8.7,7.37,102.9,92.06,58336.95,82.8
2023-06-13,8.42,6.87,105.55,91.92,57951.42,83.91
2023-06-14,8.11,7.0,103.82,92.44,58957.48,83.52
2023-06-15,8.23,7.02,105.26,94.05,58707.22,82.97
2023-06-16,8.16,6.65,103.95,91.62,58454.52,83.54
2023-06-17,8.49,6.36,101.95,92.23,58389.38,83.61
2023-06-18,8.34,7.33,102.82,94.02,58449.25,83.17
2023-06-19,8.83,6.35,104.97,91.14,58297.22,82.86
2023-06-20,7.95,7.26,102.98,95.23,58339.64,83.67
2023-06-21,8.12,7.07,103.86,93.51,58066.85,82.92
2023-06-22,8.33,6.38,102.86,91.44,58950.89,82.83
2023-06-23,8.95,7.14,101.63,94.29,58440.38,83.4
2023-06-24,8.3,7.71,104.94,90.91,58968.48,83.12
2023-06-25,8.53,6.2,103.94,93.62,58977.55,82.85
2023-06-26,8.13,6.77,104.95,95.18,59024.58,83.88
2023-06-27,8.12,7.17,103.39,91.13,58701.66,83.47
2023-06-28,8.01,6.2,103.33,92.08,58560.35,83.52
2023-06-29,7.98,7.56,102.8,92.22,57743.01,83.79
2023-06-30,8.11,7.08,101.54,91.75,57751.68,83.45
2023-07-01,8.36,6.42,104.03,93.84,59210.03,83.2
2023-07-02,8.0,7.37,103.23,95.32,58214.5,83.54
2023-07-03,8.07,7.53,103.04,94.24,59239.94,83.95
2023-07-04,8.92,6.39,102.42,94.04,58003.49,83.3
2023-07-05,8.05,6.69,105.18,93.81,58429.67,83.93
2023-07-06,8.44,6.89,104.19,91.86,57945.05,83.69
2023-07-07,8.8,7.4,104.82,94.88,59282.92,83.7
2023-07-08,8.88,7.38,102.97,92.01,58031.07,82.92
2023-07-09,8.95,6.46,102.67,92.22,58905.8,83.08
2023-07-10,8.45,7.79,104.28,94.67,58812.78,83.74
2023-07-11,8.08,6.64,102.15,91.24,58461.22,82.97
2023-07-12,8.51,7.38,103.73,95.11,58830.97,83.49
2023-07-13,8.25,7.02,102.61,95.24,59212.31,83.7
2023-07-14,8.12,7.4,102.02,92.08,59230.09,83.66
2023-07-15,8.68,6.71,105.71,93.87,59340.95,83.5
2023-07-16,8.84,7.72,104.61,93.5,58142.13,83.39
2023-07-17,8.36,6.5,103.21,91.81,57854.41,83.84
2023-07-18,8.33,6.36,101.49,94.88,58947.6,83.11
2023-07-19,8.36,7.38,103.56,92.35,58248.46,83.4
2023-07-20,8.27,7.61,104.36,91.42,57960.04,83.15
2023-07-21,8.66,7.39,104.3,92.67,58946.15,83.04
2023-07-22,8.65,6.56,105.05,91.97,57884.49,83.48
2023-07-23,8.44,7.26,101.44,92.57,58992.66,83.86
2023-07-24,8.58,6.98,106.09,92.17,58706.01,83.79
2023-07-25,8.88,7.4,104.73,95.26,58637.7,83.68
2023-07-26,8.16,6.53,101.33,94.38,59273.4,82.98
2023-07-27,8.17,6.99,105.63,91.22,59051.46,83.84
2023-07-28,8.62,7.24,105.23,91.46,58989.47,82.91
2023-07-29,8.89,6.57,105.36,91.06,59087.21,83.22
2023-07-30,9.07,7.04,106.06,95.4,58059.64,82.98
2023-07-31,8.45,7.88,104.64,93.37,59345.8,82.98
2023-08-01,8.74,7.69,105.03,93.23,58502.28,83.48
2023-08-02,9.12,7.78,101.51,91.86,59108.21,83.32
2023-08-03,8.42,6.88,105.02,91.06,58208.47,83.25
2023-08-04,9.01,7.5,103.98,92.16,58101.15,84.01
2023-08-05,8.25,6.47,105.09,95.27,58163.62,83.5
2023-08-06,8.71,7.06,104.85,92.49,58052.9,84.1
2023-08-07,8.48,6.71,102.09,94.28,58893.27,83.7
2023-08-08,8.21,6.85,105.46,92.18,57993.36,83.55
2023-08-09,8.5,7.53,102.04,91.35,59543.46,83.74
2023-08-10,8.34,7.21,105.88,94.8,58059.57,83.64
2023-08-11,8.71,6.82,105.07,95.5,59485.52,83.88
2023-08-12,8.51,6.92,101.79,91.91,58144.01,83.18
2023-08-13,8.72,7.52,101.27,93.2,59038.55,83.43
2023-08-14,9.03,6.64,103.29,95.21,59455.17,83.02
2023-08-15,9.18,7.53,104.26,95.43,58537.99,83.8
2023-08-16,8.41,6.6,103.04,92.52,58876.25,83.47
2023-08-17,8.6,7.19,102.09,93.77,58538.2,83.01
2023-08-18,8.63,6.66,101.55,91.18,58928.75,84.09
2023-08-19,8.51,7.24,104.6,91.86,58301.0,83.69
2023-08-20,9.02,7.69,104.94,94.61,58719.62,84.0
2023-08-21,8.44,7.76,101.96,93.38,58167.57,83.87
2023-08-22,8.65,7.41,103.8,95.17,59522.72,83.37
2023-08-23,8.83,6.95,104.2,94.6,59047.05,83.62
2023-08-24,8.56,6.81,105.39,92.21,58731.18,82.95
2023-08-25,8.79,7.7,102.29,93.03,58203.21,84.14
2023-08-26,8.61,7.96,103.18,95.31,59391.89,83.18
2023-08-27,8.9,7.44,105.5,93.57,59374.48,84.03
2023-08-28,9.17,8.09,102.72,93.7,58833.65,83.31
2023-08-29,8.64,7.58,103.97,95.27,58529.85,83.64
2023-08-30,8.52,6.94,103.38,91.35,58176.5,84.02
2023-08-31,9.19,7.5,102.78,91.26,59198.79,83.73
2023-09-01,8.95,7.79,105.57,95.37,58879.33,83.56
2023-09-02,9.18,7.95,106.06,94.65,58250.97,84.09
2023-09-03,8.58,7.52,104.6,94.92,59225.38,83.67
2023-09-04,9.03,6.63,102.93,95.51,58252.34,83.97
2023-09-05,9.07,6.94,101.41,94.26,58455.07,83.53
2023-09-06,8.68,7.02,105.86,94.72,59378.98,84.08
2023-09-07,9.15,6.98,105.51,91.24,58743.75,84.09
2023-09-08,9.11,8.02,104.32,94.67,59774.32,83.88
2023-09-09,9.02,7.17,105.89,93.7,59494.11,84.04
2023-09-10,9.11,7.29,102.76,92.59,58908.55,84.2
2023-09-11,9.11,7.75,103.25,94.06,58766.1,83.88
2023-09-12,8.53,7.65,102.19,93.21,58491.71,83.28
2023-09-13,8.69,7.03,102.7,92.5,59287.21,83.65
2023-09-14,9.23,7.44,105.9,94.33,59363.95,83.38
2023-09-15,8.69,7.33,105.47,92.5,59439.02,83.0
2023-09-16,8.97,7.39,103.18,91.4,59203.64,83.45
2023-09-17,8.91,7.3,103.07,94.19,59386.44,84.19
2023-09-18,9.29,7.59,105.53,94.15,58725.21,83.3
2023-09-19,9.27,7.55,102.02,94.26,59011.7,83.84
2023-09-20,8.9,7.09,102.38,94.47,58714.11,83.36
2023-09-21,9.07,7.23,103.75,94.54,59666.72,83.82
2023-09-22,9.25,7.94,101.55,95.26,59064.22,83.63
2023-09-23,9.26,6.89,102.45,92.36,59755.34,83.98
2023-09-24,8.7,6.7,106.05,93.88,58947.89,83.78
2023-09-25,8.78,7.45,104.78,94.13,59174.27,83.13
2023-09-26,8.82,8.19,103.87,92.54,59113.74,83.78
2023-09-27,8.6,7.89,101.74,92.78,59358.76,83.13
2023-09-28,9.47,6.78,103.63,93.3,59631.13,83.69
2023-09-29,9.28,7.76,104.85,92.12,58343.76,83.97
2023-09-30,8.88,6.89,102.14,91.44,59400.36,83.3
2023-10-01,9.09,7.77,106.12,93.61,59682.63,83.63
2023-10-02,8.91,8.24,102.01,94.06,59480.35,83.92
2023-10-03,8.66,8.04,106.47,95.04,59024.16,83.87
2023-10-04,9.13,6.78,103.39,94.91,59579.44,84.17
2023-10-05,8.7,8.11,106.43,93.39,59807.63,83.14
2023-10-06,9.26,7.37,101.84,92.52,58546.02,83.22
2023-10-07,9.49,8.32,106.12,91.63,59276.08,83.94
2023-10-08,8.73,7.31,105.15,92.18,59265.04,84.05
2023-10-09,9.39,6.88,106.2,95.13,59332.98,83.15
2023-10-10,9.05,6.96,104.94,93.23,58381.48,83.93
2023-10-11,9.42,7.47,106.3,91.81,59064.89,83.47
2023-10-12,9.3,7.43,106.1,91.82,59370.62,83.78
2023-10-13,8.6,7.66,103.65,95.06,58513.76,83.46
2023-10-14,9.43,7.12,106.18,94.37,59146.47,83.12
2023-10-15,9.42,7.06,106.48,94.07,59165.38,83.36
2023-10-16,9.47,8.08,103.8,95.26,58985.02,84.22
2023-10-17,9.32,6.82,103.85,91.87,58616.62,83.43
2023-10-18,8.88,8.07,103.37,91.52,59318.14,84.04
2023-10-19,8.89,7.41,102.5,92.18,59859.47,84.16
2023-10-20,9.49,7.17,105.56,91.63,59273.81,84.02
2023-10-21,8.75,8.23,105.37,94.39,59231.11,83.27
2023-10-22,8.86,8.17,103.22,94.0,59872.73,83.53
2023-10-23,9.19,7.25,103.98,93.22,59368.86,83.47
2023-10-24,8.64,7.93,103.17,95.4,59448.22,84.16
2023-10-25,8.65,7.85,103.8,95.23,58983.31,83.2
2023-10-26,8.8,7.55,105.08,92.39,60068.42,83.76
2023-10-27,9.25,7.37,102.09,92.72,58987.44,83.39
2023-10-28,9.61,7.81,101.75,93.03,59873.17,84.31
2023-10-29,9.18,7.16,103.87,92.07,58883.63,83.52
2023-10-30,9.64,7.37,103.07,92.05,59330.54,83.34
2023-10-31,9.55,7.46,103.27,93.77,60126.3,83.17
2023-11-01,8.83,6.96,103.14,92.2,60067.04,83.12
2023-11-02,9.58,7.86,102.33,95.29,58719.36,83.75
2023-11-03,8.74,8.1,106.46,93.95,59089.5,83.54
2023-11-04,9.53,6.91,104.38,95.14,59919.9,84.18
2023-11-05,9.63,7.21,105.47,92.69,58696.47,83.39
2023-11-06,9.64,7.37,104.92,95.44,59615.83,84.33
2023-11-07,8.72,8.11,102.89,94.27,59360.62,84.12
2023-11-08,9.47,7.08,103.68,91.96,59561.4,84.32
2023-11-09,8.96,7.66,104.79,95.61,59364.38,83.77
2023-11-10,8.78,7.48,103.14,92.69,59206.09,83.3
2023-11-11,9.67,7.19,104.31,91.82,60085.43,83.89
2023-11-12,9.13,8.39,106.49,94.44,59529.05,83.43
2023-11-13,9.7,7.85,104.96,92.76,58935.93,83.22
2023-11-14,9.36,7.51,102.95,95.58,59605.68,84.09
2023-11-15,9.22,7.53,105.82,92.63,60040.13,84.09
2023-11-16,9.13,8.1,104.94,91.62,59554.66,83.54
2023-11-17,8.8,8.3,101.84,92.84,59618.04,83.3
2023-11-18,9.57,8.44,106.47,91.66,58714.47,83.24
2023-11-19,9.68,8.37,104.51,95.94,60191.68,84.3
2023-11-20,9.26,7.23,103.28,94.61,58866.39,83.46
2023-11-21,9.48,8.45,102.45,93.42,59565.31,83.2
2023-11-22,9.42,7.03,105.89,96.06,58798.38,83.45
2023-11-23,8.91,7.66,104.96,94.24,59645.36,84.27
2023-11-24,9.5,7.48,104.36,91.66,59816.11,83.23
2023-11-25,9.79,8.59,104.66,94.86,59441.1,83.55
2023-11-26,9.35,7.81,106.66,91.76,59532.05,83.87
2023-11-27,9.69,7.42,103.6,96.0,59419.41,83.24
2023-11-28,8.97,8.09,104.8,94.43,60046.66,84.3
2023-11-29,9.61,7.43,106.14,94.87,58705.97,84.21
2023-11-30,8.99,7.36,106.21,91.88,58926.38,84.17
2023-12-01,9.38,7.37,102.22,94.47,59015.84,83.76
2023-12-02,9.02,8.08,104.19,92.06,59490.87,83.8
2023-12-03,9.15,8.01,102.26,95.91,60289.72,83.43
2023-12-04,9.72,8.59,103.9,95.78,58783.46,84.13
2023-12-05,9.32,7.37,105.11,95.64,59075.32,84.04
2023-12-06,9.66,7.55,103.15,95.94,59548.65,84.16
2023-12-07,8.89,8.57,102.7,94.42,59871.15,83.36
2023-12-08,9.21,7.59,102.13,92.43,59715.17,83.63
2023-12-09,9.52,8.45,104.61,93.81,59137.01,83.75
2023-12-10,9.28,7.71,104.09,95.89,59792.88,83.2
2023-12-11,9.88,8.02,102.39,92.14,59506.42,83.62
2023-12-12,9.25,8.18,103.0,96.05,59580.87,84.31
2023-12-13,8.95,8.01,105.92,93.13,58855.09,83.61
2023-12-14,8.92,7.13,103.74,94.91,60123.28,83.54
2023-12-15,9.85,7.39,104.99,94.18,59696.54,83.2
2023-12-16,9.16,7.7,106.55,94.0,60244.59,83.86
2023-12-17,9.71,7.4,106.02,92.86,59095.07,84.04
2023-12-18,9.31,8.16,106.91,91.76,59583.82,84.08
2023-12-19,9.24,7.51,102.45,93.62,59275.04,84.4
2023-12-20,9.14,8.49,106.81,95.12,60299.62,83.65
2023-12-21,9.07,8.06,102.27,94.76,60341.28,84.04
2023-12-22,9.56,7.38,105.11,95.68,59112.91,83.6
2023-12-23,9.05,8.41,105.27,93.23,59855.64,83.95
2023-12-24,9.4,8.06,105.6,94.08,59846.36,83.46
2023-12-25,9.31,7.19,105.73,93.37,59162.02,83.89
2023-12-26,9.12,8.19,105.23,92.37,59483.37,83.84
2023-12-27,8.98,8.28,103.75,94.39,59120.51,83.74
2023-12-28,9.66,8.26,104.3,91.92,58993.83,84.1
2023-12-29,9.55,8.58,104.42,92.87,59331.87,83.29
2023-12-30,9.81,8.49,105.44,92.09,60198.6,84.11
2023-12-31,9.52,7.21,102.89,95.74,59529.18,84.15
2024-01-01,9.37,7.84,106.51,95.41,59291.68,83.52
2024-01-02,9.28,7.43,105.43,92.74,60336.28,83.48
2024-01-03,9.76,8.54,104.71,96.11,59940.55,84.0
2024-01-04,9.83,8.17,105.62,95.73,58963.08,84.25
2024-01-05,9.58,7.26,106.99,92.77,59432.97,84.4
2024-01-06,9.37,7.97,103.43,92.32,59589.26,83.33
2024-01-07,9.44,7.99,102.85,92.75,60519.56,83.27
2024-01-08,9.24,8.8,106.9,94.4,59802.23,84.36
2024-01-09,9.15,8.75,102.63,92.15,60281.73,84.47
2024-01-10,9.27,7.87,102.54,92.63,59339.26,84.18
2024-01-11,9.06,7.33,105.66,94.99,59862.14,84.11
2024-01-12,9.56,8.16,103.69,93.5,60235.32,83.86
2024-01-13,9.77,8.62,105.14,92.12,59082.71,84.22
2024-01-14,9.96,8.81,106.34,93.7,60526.17,83.35
2024-01-15,9.72,8.71,106.08,94.96,59126.98,84.1
2024-01-16,9.87,8.68,104.62,95.7,60334.84,84.38
2024-01-17,9.95,8.83,105.36,92.32,59253.4,84.05
2024-01-18,9.26,8.19,105.36,94.71,59301.01,84.13
2024-01-19,10.06,8.67,107.04,94.59,59643.25,83.75
2024-01-20,10.09,7.65,103.41,94.51,59536.47,83.66
2024-01-21,9.99,7.4,102.37,94.86,59895.53,83.45
2024-01-22,9.32,7.36,106.0,94.09,60222.57,83.98
2024-01-23,9.46,8.42,103.8,92.67,60257.23,84.22
2024-01-24,10.03,8.77,106.18,92.46,59583.88,83.93
2024-01-25,9.18,7.64,103.73,93.55,59661.18,83.41
2024-01-26,9.19,7.94,106.12,94.94,59953.06,84.0
2024-01-27,9.55,7.46,104.61,95.95,59094.32,84.37
2024-01-28,9.81,7.84,105.95,96.11,60010.01,84.32
2024-01-29,9.69,8.31,103.73,92.91,59555.19,84.28
2024-01-30,9.16,7.92,103.24,94.94,59843.75,83.3
2024-01-31,10.15,7.49,103.09,94.22,60363.81,83.86
2024-02-01,9.44,7.91,105.29,95.75,60361.0,83.93
2024-02-02,9.19,7.87,105.79,93.35,59998.97,84.28
2024-02-03,9.54,7.95,104.94,92.11,60634.76,84.38
2024-02-04,9.45,7.74,106.17,96.44,60497.73,83.5
2024-02-05,9.97,8.59,105.59,95.92,59149.82,83.46
2024-02-06,9.27,8.93,106.88,93.44,60144.12,84.22
2024-02-07,9.38,8.9,102.52,95.1,59283.74,83.7
2024-02-08,9.47,8.59,106.71,94.72,59661.33,83.4
2024-02-09,10.02,8.72,106.89,94.33,60629.55,83.61
2024-02-10,10.07,8.63,105.12,92.94,59507.73,84.23
2024-02-11,9.48,8.34,107.15,93.54,60451.3,83.79
2024-02-12,9.32,7.85,106.98,96.3,60742.92,84.11
2024-02-13,10.12,8.13,106.87,94.99,59472.26,83.48
2024-02-14,9.4,8.3,104.86,93.12,60228.46,83.66
2024-02-15,10.04,7.73,103.94,94.01,60766.16,83.47
2024-02-16,10.25,8.6,104.53,94.92,59320.83,83.88
2024-02-17,9.79,8.58,105.27,96.04,60608.7,84.5
2024-02-18,9.58,8.31,103.44,93.06,59305.69,83.53
2024-02-19,9.65,8.92,105.3,92.4,59947.85,83.79
2024-02-20,10.05,8.92,103.69,94.13,60480.8,83.46
2024-02-21,9.96,7.69,104.7,94.85,60427.7,84.47
2024-02-22,9.67,7.52,104.04,94.18,59566.46,84.38
2024-02-23,9.49,8.03,104.73,93.23,59487.34,84.36
2024-02-24,9.88,8.88,104.27,92.79,60093.07,84.3
2024-02-25,9.51,7.89,106.09,92.9,60600.9,83.79
2024-02-26,9.96,7.62,106.94,94.19,60194.85,84.45
2024-02-27,10.21,7.52,107.22,93.42,59438.85,84.51
2024-02-28,9.66,7.61,102.53,93.58,59974.24,83.37
2024-02-29,10.06,7.71,103.37,96.48,60323.61,84.58
2024-03-01,10.3,8.78,104.72,92.68,60006.55,83.93
2024-03-02,10.07,8.34,107.28,92.96,59583.58,84.44
2024-03-03,9.46,8.87,106.56,95.99,59942.36,83.86
2024-03-04,9.35,7.83,105.03,96.01,60365.75,84.16
2024-03-05,9.76,8.39,107.3,94.95,59808.87,83.81
2024-03-06,9.38,8.83,103.34,93.69,59820.41,84.03
2024-03-07,10.02,8.88,105.12,96.61,59431.72,83.81
2024-03-08,10.29,7.9,103.63,94.61,60403.76,84.07
2024-03-09,10.09,8.58,103.84,92.21,60496.21,83.67
2024-03-10,10.07,9.14,105.89,94.31,59559.78,83.78
2024-03-11,10.03,8.68,106.44,94.25,60766.4,83.46
2024-03-12,9.4,9.05,105.29,93.93,60789.08,84.07
2024-03-13,10.01,8.7,103.87,93.06,59768.08,84.57
2024-03-14,10.18,7.62,105.41,92.59,59641.93,84.6
2024-03-15,10.28,8.0,104.74,95.65,60334.05,83.95
2024-03-16,10.4,8.73,103.46,95.75,60073.48,83.54
2024-03-17,9.49,8.35,103.15,95.28,60020.06,84.59
2024-03-18,9.74,9.04,104.08,93.75,60129.21,83.64
2024-03-19,9.61,8.35,104.62,96.1,60815.57,83.82
2024-03-20,10.41,8.64,102.64,93.26,60693.73,83.97
2024-03-21,10.15,8.38,107.26,94.07,59770.72,84.4
2024-03-22,10.01,7.83,103.96,93.62,59516.03,83.7
2024-03-23,9.95,8.42,103.98,95.15,60255.45,83.94
2024-03-24,10.32,8.0,104.37,94.04,60867.29,84.49
2024-03-25,9.95,8.42,103.06,96.22,59984.55,83.66
2024-03-26,10.28,8.97,102.66,96.6,59431.85,83.99
2024-03-27,9.56,8.29,104.53,92.6,60918.09,84.31
2024-03-28,9.79,9.08,104.66,95.34,60590.21,83.45
2024-03-29,9.71,8.13,102.9,94.68,59494.99,84.45
2024-03-30,9.79,8.43,106.09,92.67,59893.01,83.8
2024-03-31,9.79,7.91,104.58,92.94,59712.1,83.88
2024-04-01,9.71,8.21,105.06,93.11,59561.76,83.44
2024-04-02,10.46,9.18,105.61,93.24,59706.94,83.78
2024-04-03,9.63,7.78,105.76,92.34,60898.18,83.95
2024-04-04,9.96,8.43,105.54,92.85,59936.93,84.16
2024-04-05,9.59,7.94,104.48,96.18,60025.94,83.93
2024-04-06,10.31,9.32,106.38,95.68,59954.62,84.31
2024-04-07,10.1,7.87,107.41,94.53,59715.26,83.95
2024-04-08,10.11,9.16,106.36,95.79,60880.51,83.5
2024-04-09,9.58,9.1,103.16,92.47,60464.17,84.52
2024-04-10,10.05,8.04,103.3,94.2,59506.47,84.43
2024-04-11,10.04,8.08,104.39,94.83,59699.39,84.27
2024-04-12,10.42,8.49,106.08,94.92,59545.53,84.35
2024-04-13,10.05,9.13,105.19,96.14,59492.64,83.68
2024-04-14,10.29,8.13,103.84,94.8,60145.41,83.6
2024-04-15,10.0,8.82,106.99,96.46,61042.48,84.18
2024-04-16,9.98,9.31,103.95,96.48,60018.94,83.62
2024-04-17,9.6,8.25,106.76,94.48,60559.48,84.54
2024-04-18,9.98,8.92,103.98,94.33,60594.33,84.15
2024-04-19,10.02,8.74,103.81,95.36,59879.79,84.38
2024-04-20,9.84,8.57,103.13,93.75,59730.28,83.99
2024-04-21,9.98,8.67,104.82,93.64,60005.43,83.57
2024-04-22,9.66,9.04,106.09,94.17,59909.3,83.85
2024-04-23,10.47,8.87,103.78,92.88,60568.47,83.71
2024-04-24,9.99,9.41,103.5,94.57,60360.94,83.74
2024-04-25,9.89,8.66,105.66,95.89,59946.23,83.67
2024-04-26,10.17,8.43,104.74,93.91,60460.76,83.7
2024-04-27,9.89,8.03,107.5,95.99,60318.57,84.26
2024-04-28,10.54,8.31,107.58,96.57,60010.61,84.16
2024-04-29,10.31,8.63,105.46,96.08,61057.23,83.76
2024-04-30,10.34,8.82,104.26,95.55,60836.56,84.56
2024-05-01,10.27,9.22,106.44,92.97,59700.18,83.75
2024-05-02,9.94,9.45,105.86,94.59,60336.39,83.87
2024-05-03,10.15,9.19,106.97,96.13,60596.25,83.67
2024-05-04,10.48,8.65,103.45,92.75,60922.63,84.44
2024-05-05,9.87,9.35,104.59,93.18,61158.22,83.91
2024-05-06,9.77,8.61,106.52,94.97,60172.95,84.49
2024-05-07,10.21,8.8,107.38,95.6,60105.12,84.33
2024-05-08,9.77,9.02,102.81,95.98,60279.22,83.52
2024-05-09,10.65,8.34,103.49,94.27,60591.14,84.01
2024-05-10,10.22,9.38,104.86,94.51,61102.86,83.83
2024-05-11,9.86,9.49,107.7,92.48,61275.59,83.88
2024-05-12,10.16,9.29,107.32,95.02,60347.66,84.27
2024-05-13,10.49,8.27,104.23,92.48,60957.63,84.0
2024-05-14,10.63,9.32,107.15,92.76,60732.56,83.96
2024-05-15,10.42,8.45,104.7,95.47,59801.39,84.04
2024-05-16,10.34,8.5,104.75,94.9,60844.48,83.95
2024-05-17,10.46,8.91,103.66,95.94,59865.15,84.38
2024-05-18,9.82,8.29,107.1,95.43,60710.73,84.46
2024-05-19,10.57,8.22,104.28,95.32,60957.11,83.58
2024-05-20,10.33,8.88,104.24,95.06,60375.12,84.4
2024-05-21,10.64,8.5,103.16,95.27,59989.55,84.63
2024-05-22,10.41,8.99,107.46,93.34,60085.52,84.45
2024-05-23,10.43,8.95,103.91,94.69,61104.73,84.43
2024-05-24,9.85,9.41,104.63,93.23,60036.64,84.29
2024-05-25,10.03,9.06,105.39,92.86,61121.03,84.47
2024-05-26,10.73,8.64,106.08,94.32,59836.91,84.58
2024-05-27,10.23,8.78,103.95,94.79,60476.76,83.87
2024-05-28,10.68,9.47,106.94,95.23,60907.71,84.19
2024-05-29,10.62,9.35,107.69,92.71,60559.63,84.45
2024-05-30,10.72,8.17,105.95,95.72,60563.01,84.49
2024-05-31,10.37,9.14,103.34,96.37,59973.93,83.76
2024-06-01,10.14,8.25,103.64,93.13,60455.23,84.76
2024-06-02,10.03,8.43,104.75,96.46,60371.19,84.77
2024-06-03,9.95,8.77,107.04,94.75,60462.42,84.22
2024-06-04,10.22,8.29,103.31,93.98,60635.59,84.61
2024-06-05,10.06,8.65,107.3,95.11,59881.56,84.63
2024-06-06,9.98,8.96,105.25,92.76,61274.45,83.66
2024-06-07,10.32,9.55,105.83,94.11,60146.28,84.38
2024-06-08,10.37,9.17,104.41,92.7,60786.2,84.05
2024-06-09,10.07,9.39,104.46,94.3,61168.67,83.83
2024-06-10,10.3,8.92,103.78,96.23,60999.04,84.72
2024-06-11,10.71,9.6,103.07,96.88,60943.65,84.43
2024-06-12,10.21,9.6,102.92,96.49,60997.7,83.7
2024-06-13,10.45,8.46,107.4,95.39,60882.07,84.21
2024-06-14,10.72,8.47,106.56,94.85,60085.07,84.62
2024-06-15,9.98,8.63,105.36,93.41,61402.98,83.82
2024-06-16,9.93,8.14,105.75,94.39,60378.87,84.05
2024-06-17,10.63,9.48,105.93,94.13,60552.03,83.72
2024-06-18,10.68,8.45,103.55,93.39,60338.98,84.36
2024-06-19,10.63,9.4,104.57,96.3,60197.87,84.73
2024-06-20,10.89,8.9,105.14,96.22,60269.03,84.65
2024-06-21,10.94,9.64,104.82,95.49,60699.37,84.13
2024-06-22,10.32,8.44,103.74,95.18,60464.4,83.66
2024-06-23,10.2,9.01,104.53,94.27,60068.51,84.68
2024-06-24,10.93,9.57,104.59,96.46,60469.78,84.03
2024-06-25,10.2,9.65,106.75,95.35,60520.6,83.79
2024-06-26,10.9,9.08,107.63,94.78,59973.61,83.9
2024-06-27,10.29,9.04,103.12,96.38,61444.79,84.49
2024-06-28,10.75,9.51,103.75,93.45,60098.39,84.19
2024-06-29,10.56,9.75,104.82,92.85,61341.53,84.6
2024-06-30,10.32,9.56,106.99,94.86,61033.69,84.81
2024-07-01,10.79,8.74,105.93,96.43,60877.91,84.38
2024-07-02,10.08,9.12,104.88,96.26,60098.95,83.9
2024-07-03,11.01,8.98,105.74,94.31,60019.31,83.7
2024-07-04,10.16,8.64,106.38,96.44,61417.57,83.76
2024-07-05,10.29,8.31,107.51,93.28,61549.78,84.75
2024-07-06,10.28,9.78,105.25,95.52,60015.0,84.36
2024-07-07,11.01,8.86,103.53,95.31,61433.89,84.38
2024-07-08,10.79,9.41,107.18,94.59,61461.98,84.44
2024-07-09,10.72,9.8,107.62,96.82,60709.73,84.0
2024-07-10,10.44,8.65,105.05,94.24,61593.06,84.05
2024-07-11,10.87,9.39,105.62,94.23,60953.43,84.81
2024-07-12,10.41,8.54,106.12,95.64,60719.4,84.77
2024-07-13,10.14,8.27,105.53,97.14,61379.66,84.67
2024-07-14,11.07,9.36,106.37,94.07,60291.31,84.05
2024-07-15,10.43,9.48,105.1,96.68,60697.81,84.7
2024-07-16,11.07,9.66,106.56,93.51,61148.36,84.41
2024-07-17,10.31,9.4,105.03,94.71,61608.31,84.32
2024-07-18,10.48,9.16,108.05,96.24,61351.71,83.73
2024-07-19,11.09,9.72,104.33,96.62,60056.69,84.74
2024-07-20,10.44,9.47,104.37,95.48,61669.63,84.81
2024-07-21,11.09,9.0,104.91,94.15,60699.85,84.79
2024-07-22,10.74,9.63,105.94,96.57,60421.93,84.16
2024-07-23,10.17,8.79,107.39,95.3,61535.27,84.75
2024-07-24,10.63,8.35,105.84,96.32,60699.45,83.87
2024-07-25,10.45,8.5,107.24,94.16,61456.72,84.8
2024-07-26,10.74,9.67,103.8,97.12,60901.96,84.34
2024-07-27,10.71,8.64,107.28,93.26,61367.69,83.74
2024-07-28,11.1,9.47,107.96,93.82,61635.61,84.01
2024-07-29,10.68,8.84,108.0,95.39,61040.29,84.04
2024-07-30,10.82,9.6,105.72,95.21,60795.98,84.65
2024-07-31,10.29,8.42,106.93,93.42,61407.87,84.69
2024-08-01,10.7,8.95,103.18,96.56,60438.08,84.66
2024-08-02,10.21,8.56,106.78,97.33,61676.57,84.54
2024-08-03,10.44,8.39,103.76,94.05,61289.3,84.7
2024-08-04,10.5,8.56,106.0,95.59,61210.37,84.2
2024-08-05,10.56,8.99,105.64,96.16,60957.77,84.49
2024-08-06,11.15,9.84,105.54,94.35,60172.27,83.96
2024-08-07,10.94,8.41,108.07,96.19,60746.79,84.13
2024-08-08,10.85,9.44,105.62,93.85,61423.13,84.3
2024-08-09,10.92,8.52,108.01,93.14,60241.7,84.71
2024-08-10,11.19,9.03,105.48,94.33,60297.11,84.37
2024-08-11,10.47,8.81,103.51,96.23,61174.14,84.11
2024-08-12,10.7,9.08,103.99,95.44,61451.27,84.45
2024-08-13,10.41,9.02,108.2,93.46,60948.54,84.7
2024-08-14,10.4,9.73,104.95,96.47,61506.71,84.79
2024-08-15,10.79,9.95,107.27,95.06,61528.33,83.87
2024-08-16,10.34,9.37,106.75,93.15,61853.07,83.95
2024-08-17,10.63,8.56,106.04,93.11,61245.21,84.22
2024-08-18,10.46,8.84,104.07,93.86,61022.15,84.19
2024-08-19,11.2,9.92,108.18,94.01,60698.69,84.86
2024-08-20,10.56,8.58,108.21,96.4,60771.45,83.77
2024-08-21,11.03,9.19,108.25,92.98,61297.84,83.9
2024-08-22,10.69,9.57,107.35,93.68,61554.71,84.74
2024-08-23,10.92,9.29,104.29,94.58,60833.83,84.98
2024-08-24,10.83,9.56,104.05,93.35,60578.85,84.52
2024-08-25,10.71,9.18,103.73,95.9,60593.16,84.34
2024-08-26,10.63,9.96,105.19,96.64,61680.28,83.8
2024-08-27,10.92,9.69,106.22,96.43,60421.01,83.95
2024-08-28,11.1,9.47,103.85,96.5,60840.52,83.86
2024-08-29,10.9,9.69,105.1,96.64,61315.53,84.96
2024-08-30,11.01,9.7,106.23,95.35,61100.91,83.94
2024-08-31,11.22,10.01,105.45,96.73,60842.73,84.38
2024-09-01,10.67,8.66,107.8,97.41,61607.94,84.79
2024-09-02,11.23,9.46,105.77,95.77,61035.07,83.84
2024-09-03,10.58,10.06,104.91,95.0,61326.12,83.82
2024-09-04,10.87,9.43,105.57,94.29,60675.42,84.87
2024-09-05,11.01,9.08,103.39,95.4,60852.67,83.89
2024-09-06,10.8,9.65,105.68,94.1,60426.93,84.47
2024-09-07,10.91,8.89,106.32,93.28,61190.69,84.6
2024-09-08,10.49,9.08,106.7,96.44,61250.93,84.8
2024-09-09,10.57,9.61,105.74,93.68,60571.62,84.49
2024-09-10,11.24,8.61,105.59,97.41,61390.96,84.39
2024-09-11,10.59,9.2,104.25,95.95,60480.97,84.19
2024-09-12,10.53,9.41,104.74,93.65,60387.41,84.64
2024-09-13,10.93,9.53,107.77,93.69,61176.18,84.03
2024-09-14,10.85,10.11,103.66,96.85,61793.75,84.41
2024-09-15,11.04,9.34,106.43,97.25,60650.63,84.27
2024-09-16,11.36,9.63,106.51,94.37,60990.41,85.03
2024-09-17,10.9,10.16,104.49,94.31,61812.21,84.49
2024-09-18,10.52,8.72,106.67,93.84,61848.0,84.56
2024-09-19,11.41,8.97,104.47,94.53,61967.15,84.91
2024-09-20,11.1,9.62,108.32,93.46,61656.33,84.09
2024-09-21,11.16,9.89,105.56,97.11,60980.01,84.88
2024-09-22,11.09,9.06,107.69,94.16,60827.22,84.9
2024-09-23,10.67,9.84,107.85,93.4,60760.62,84.05
2024-09-24,10.98,9.69,105.64,95.54,60463.45,84.39
2024-09-25,11.34,9.41,106.22,95.88,60835.71,83.97
2024-09-26,11.29,8.82,105.32,96.73,61039.71,83.84
2024-09-27,11.14,9.04,107.3,93.51,61283.41,84.9
2024-09-28,11.15,9.96,104.86,95.42,61116.64,84.39
2024-09-29,10.85,8.79,107.88,95.31,61634.14,84.79
2024-09-30,10.73,9.31,104.44,94.73,61051.41,84.11
2024-10-01,11.01,9.87,105.49,94.9,61159.66,84.33
2024-10-02,11.36,10.03,105.27,94.82,60844.78,84.74
2024-10-03,11.33,9.97,107.63,95.87,61957.93,84.71
2024-10-04,11.21,10.22,107.64,96.5,61558.68,84.87
2024-10-05,10.72,9.42,108.11,93.21,61780.09,84.16
2024-10-06,10.59,9.61,106.82,93.19,60734.68,84.88
2024-10-07,10.7,9.36,104.55,96.51,60752.93,84.7
2024-10-08,11.07,10.17,108.39,97.5,61763.83,84.44
2024-10-09,11.07,9.76,104.91,93.46,61647.65,83.88
2024-10-10,10.83,10.07,107.28,97.48,61383.32,84.34
2024-10-11,10.98,9.95,107.88,97.59,61753.17,84.7
2024-10-12,10.72,9.46,105.85,97.21,62047.75,84.77
2024-10-13,10.63,9.28,104.37,97.48,61247.62,84.96
2024-10-14,10.63,9.44,106.51,94.89,60668.39,84.59
2024-10-15,11.54,9.21,105.07,97.66,61608.46,84.78
2024-10-16,10.77,8.91,106.5,97.15,61488.84,83.92
2024-10-17,10.63,9.76,104.36,96.19,61385.65,84.78
2024-10-18,10.76,9.99,107.91,95.18,60904.57,83.96
2024-10-19,10.71,9.86,104.1,96.62,61328.67,84.92
2024-10-20,11.29,8.89,107.97,96.32,62130.62,84.24
2024-10-21,10.91,9.33,106.4,95.0,60702.29,84.9
2024-10-22,11.12,9.01,104.32,94.39,61220.54,84.06
2024-10-23,10.84,8.92,106.8,97.51,61663.83,84.94
2024-10-24,11.18,10.02,106.79,96.11,61687.23,84.08
2024-10-25,11.48,9.61,106.41,96.74,61283.34,84.18
2024-10-26,10.72,10.22,107.98,96.47,60820.82,84.5
2024-10-27,10.9,9.99,104.69,97.0,61787.39,84.09
2024-10-28,11.55,9.26,108.18,94.0,61259.65,84.94
2024-10-29,11.37,9.29,106.82,94.16,61592.75,84.32
2024-10-30,10.83,9.81,108.39,97.4,60698.57,84.12
2024-10-31,11.11,9.51,104.07,95.19,60791.15,84.01
2024-11-01,11.55,8.92,106.43,93.38,61933.41,85.05
2024-11-02,11.02,9.31,106.34,94.91,61375.27,84.64
2024-11-03,10.88,9.62,104.39,95.51,60852.68,84.91
2024-11-04,10.98,8.97,106.78,96.03,61031.18,84.82
2024-11-05,10.93,9.61,104.19,95.48,62096.43,84.89
2024-11-06,11.4,10.48,108.15,96.89,61714.56,84.74
2024-11-07,11.58,9.55,106.91,97.07,60756.02,84.92
2024-11-08,11.57,9.87,107.91,97.4,62011.87,84.98
2024-11-09,11.36,10.26,108.42,94.2,60922.31,84.99
2024-11-10,11.65,9.1,105.06,94.15,62109.75,84.39
2024-11-11,11.53,9.64,104.33,94.9,61324.56,84.51
2024-11-12,11.67,8.98,107.84,93.57,60976.58,84.09
2024-11-13,10.99,9.42,108.64,93.73,61273.92,84.36
2024-11-14,11.22,9.33,104.54,96.45,61519.89,84.4
2024-11-15,11.12,10.31,106.82,94.59,60927.72,85.05
2024-11-16,11.0,9.31,105.14,93.68,61505.09,84.17
2024-11-17,10.82,10.24,105.9,95.96,61950.9,84.65
2024-11-18,11.2,10.16,108.17,96.3,61922.16,84.18
2024-11-19,11.09,9.89,107.11,94.8,62089.12,85.02
2024-11-20,10.8,9.88,107.55,96.3,61529.64,84.36
2024-11-21,11.55,9.82,104.51,94.57,62121.78,84.91
2024-11-22,11.2,9.91,107.72,97.27,61128.15,84.26
2024-11-23,11.41,9.95,106.77,94.39,62444.24,84.28
2024-11-24,11.51,9.67,106.78,95.13,61240.3,84.57
2024-11-25,11.59,9.81,104.37,97.56,61131.02,84.59
2024-11-26,11.26,9.93,104.67,95.58,61143.24,85.01
2024-11-27,11.16,9.37,104.56,97.67,60955.38,84.64
2024-11-28,11.7,10.44,107.05,97.13,60899.06,84.17
2024-11-29,11.53,9.6,103.95,97.39,61134.22,84.44
2024-11-30,11.32,9.31,107.27,95.0,61100.72,85.05
2024-12-01,10.9,9.98,108.82,95.43,61771.6,84.6
2024-12-02,11.43,9.51,106.58,94.77,62033.83,84.3
2024-12-03,11.19,10.25,107.59,95.55,62342.26,84.12
2024-12-04,11.25,9.08,107.27,95.87,60923.66,84.24
2024-12-05,11.47,9.6,106.77,94.26,62499.53,84.94
2024-12-06,11.12,10.23,107.67,96.76,61620.99,84.55
2024-12-07,11.58,9.08,108.58,94.73,62371.89,85.1
2024-12-08,11.63,9.31,107.9,96.32,61170.84,84.73
2024-12-09,11.45,10.41,104.86,97.29,60928.1,84.52
2024-12-10,11.6,10.32,104.49,96.33,61668.14,84.96
2024-12-11,11.83,10.15,106.7,93.95,61399.14,84.53
2024-12-12,11.88,9.87,106.12,96.48,61653.73,85.18
2024-12-13,11.65,9.57,104.72,96.79,61435.79,84.81
2024-12-14,11.8,9.51,105.54,96.71,61657.15,84.93
2024-12-15,11.4,10.42,104.16,94.82,61579.6,84.61
2024-12-16,11.62,9.14,105.34,97.53,61589.99,85.13
2024-12-17,11.78,9.8,105.73,95.28,62472.78,85.0
2024-12-18,11.69,9.61,107.84,94.42,62446.68,85.0
2024-12-19,11.85,9.93,104.26,95.83,61982.61,84.89
2024-12-20,11.04,9.68,104.22,95.5,62282.95,84.97
2024-12-21,11.74,10.13,105.52,96.24,62248.61,84.41
2024-12-22,11.18,10.67,106.4,95.19,61877.51,84.76
2024-12-23,11.72,9.66,104.55,94.91,61698.35,84.12
2024-12-24,11.95,9.54,104.67,96.3,61450.99,84.61
2024-12-25,11.1,10.59,106.55,96.19,62234.59,84.89
2024-12-26,11.14,10.3,104.73,93.66,61252.1,84.65
2024-12-27,11.62,10.59,105.43,94.71,62119.58,84.8
2024-12-28,11.74,9.83,106.83,97.33,61231.39,85.04
2024-12-29,11.27,10.54,104.67,93.88,62327.62,84.52
2024-12-30,11.1,10.7,108.42,94.95,62490.93,84.92
2024-12-31,11.95,9.88,104.45,95.81,62453.95,85.01
